"","text","favorited","favoriteCount","replyToSN","created","truncated","replyToSID","id","replyToUID","statusSource","screenName","retweetCount","isRetweet","retweeted","longitude","latitude","created2"
"1","RT @prensa_libre: #URGENTE | La @ConredGuatemala reporta un nuevo colapso de drenajes en la 30 calle final del bulevar Sur de Ciudad San Cr…",FALSE,0,NA,2018-10-19 23:52:54,FALSE,NA,"1053433843221516288",NA,"<a href=""https://mobile.twitter.com"" rel=""nofollow"">Twitter Lite</a>","MayraSiliezar1",3,TRUE,FALSE,NA,NA,2018-10-19 17:52:54
"2","RT @andyfmz: @DTransitoPNC @traficogt @amilcarmontejo hubo un accidente frente a villas de Barberena sobre CA1 y la gente estupida se esta…",FALSE,0,NA,2018-10-19 23:51:58,FALSE,NA,"1053433608650792961",NA,"<a href=""http://twitter.com"" rel=""nofollow"">Twitter Web Client</a>","carlosnavarijo1",6,TRUE,FALSE,NA,NA,2018-10-19 17:51:58
"3","@porque1111 @traficogt @PMT_VILLANUEVA @SantosDalia @amilcarmontejo Yo vengo de allí ahora, me hice 40 minutos para recorrer 2 km <U+0001F635>",FALSE,0,"porque1111",2018-10-19 23:51:27,FALSE,"1053298928182018049","1053433479059386368","823920645675294720","<a href=""http://twitter.com/download/iphone"" rel=""nofollow"">Twitter for iPhone</a>","Nedra72",0,FALSE,FALSE,NA,NA,2018-10-19 17:51:27
"4","RT @hombretraficogt: Cerrarán puente Belice <U+0001F6D1>

Informa @CIVguate que será este domingo 21 de octubre 2018, de 05:00 a 08:00 horas.

Cc #tra…",FALSE,0,NA,2018-10-19 23:51:21,FALSE,NA,"1053433453155356672",NA,"<a href=""https://mobile.twitter.com"" rel=""nofollow"">Twitter Lite</a>","MayraSiliezar1",8,TRUE,FALSE,NA,NA,2018-10-19 17:51:21
"5","@traficogt les comento que la entrada a Bárcenas por la Interamericana está imposible, detuvieron el tráfico a quie… https://t.co/Ers8GDIdb8",FALSE,0,"traficogt",2018-10-19 23:50:31,TRUE,NA,"1053433243603734529","93938886","<a href=""http://twitter.com/download/iphone"" rel=""nofollow"">Twitter for iPhone</a>","Nedra72",0,FALSE,FALSE,NA,NA,2018-10-19 17:50:31
"6","@sonora969 @traficogt desastre total otra hora en la avenida hincapie @muniguate @amilcarmontejo 

haran algo algun… https://t.co/hsrLm0tVEQ",FALSE,0,"gramirezp1",2018-10-19 23:48:46,TRUE,"1053124484067180549","1053432801779949568","542170266","<a href=""http://twitter.com/download/android"" rel=""nofollow"">Twitter for Android</a>","gramirezp1",0,FALSE,FALSE,NA,NA,2018-10-19 17:48:46
"7","@porque1111 @traficogt @PMT_VILLANUEVA @SantosDalia @amilcarmontejo Los proceres esta de locos el trafico",FALSE,0,"porque1111",2018-10-19 23:48:12,FALSE,"1053298928182018049","1053432659689594880","823920645675294720","<a href=""http://twitter.com/download/android"" rel=""nofollow"">Twitter for Android</a>","Rodolfo79305083",0,FALSE,FALSE,NA,NA,2018-10-19 17:48:12
"8","RT @prensa_libre: #URGENTE | La @ConredGuatemala reporta un nuevo colapso de drenajes en la 30 calle final del bulevar Sur de Ciudad San Cr…",FALSE,0,NA,2018-10-19 23:47:01,FALSE,NA,"1053432363538173957",NA,"<a href=""http://twitter.com/download/android"" rel=""nofollow"">Twitter for Android</a>","TephizG",3,TRUE,FALSE,NA,NA,2018-10-19 17:47:01
"9","RT @EveeHernandez6: @amilcarmontejo  #traficogt periférico Norte camion con desperfectos https://t.co/tuRIzySDZk",FALSE,0,NA,2018-10-19 23:44:17,FALSE,NA,"1053431672706920448",NA,"<a href=""https://mobile.twitter.com"" rel=""nofollow"">Twitter Lite</a>","MayraSiliezar1",5,TRUE,FALSE,NA,NA,2018-10-19 17:44:17
"10","RT @andyfmz: @DTransitoPNC @traficogt @amilcarmontejo hubo un accidente frente a villas de Barberena sobre CA1 y la gente estupida se esta…",FALSE,0,NA,2018-10-19 23:43:36,FALSE,NA,"1053431499842904066",NA,"<a href=""http://twitter.com/download/iphone"" rel=""nofollow"">Twitter for iPhone</a>","foto_jcestrada",6,TRUE,FALSE,NA,NA,2018-10-19 17:43:36
"11","RT @hombretraficogt: Cerrarán puente Belice <U+0001F6D1>

Informa @CIVguate que será este domingo 21 de octubre 2018, de 05:00 a 08:00 horas.

Cc #tra…",FALSE,0,NA,2018-10-19 23:43:17,FALSE,NA,"1053431421690355713",NA,"<a href=""http://twitter.com/download/android"" rel=""nofollow"">Twitter for Android</a>","condesoficonde",8,TRUE,FALSE,NA,NA,2018-10-19 17:43:17
"12","RT @prensa_libre: #TráficoGT | Haber retirado el bordillo central incrementa las probabilidades de hechos tránsito, más estos otros problem…",FALSE,0,NA,2018-10-19 23:43:04,FALSE,NA,"1053431368833753089",NA,"<a href=""http://twitter.com/download/android"" rel=""nofollow"">Twitter for Android</a>","Jaclicar7",3,TRUE,FALSE,NA,NA,2018-10-19 17:43:04
"13","RT @ferdy_jose: #traficogt ¿Y aún así quieren #EXPROPIARNOS el #Oct22? Asco Total: #CHAIRO #CHAIRO #CHAIRIpensamientos... <U+0001F468><U+200D><U+0001F33E><U+0001F525> https://t.co…",FALSE,0,NA,2018-10-19 23:43:04,FALSE,NA,"1053431367369932800",NA,"<a href=""http://twitter.com"" rel=""nofollow"">Twitter Web Client</a>","ferdy_jose",2,TRUE,FALSE,NA,NA,2018-10-19 17:43:04
"14","#URGENTE | La @ConredGuatemala reporta un nuevo colapso de drenajes en la 30 calle final del bulevar Sur de Ciudad… https://t.co/b1tv6aAMQW",FALSE,0,NA,2018-10-19 23:42:52,TRUE,NA,"1053431315784220673",NA,"<a href=""https://about.twitter.com/products/tweetdeck"" rel=""nofollow"">TweetDeck</a>","prensa_libre",3,FALSE,FALSE,NA,NA,2018-10-19 17:42:52
"15","RT @hombretraficogt: Cerrarán puente Belice <U+0001F6D1>

Informa @CIVguate que será este domingo 21 de octubre 2018, de 05:00 a 08:00 horas.

Cc #tra…",FALSE,0,NA,2018-10-19 23:42:01,FALSE,NA,"1053431104680673280",NA,"<a href=""http://twitter.com/download/iphone"" rel=""nofollow"">Twitter for iPhone</a>","Nathalie_U",8,TRUE,FALSE,NA,NA,2018-10-19 17:42:01
"16","RT @amilcarmontejo: Cuesta Villa Lobos bloqueada por tráiler averiado. Quita carriles para usuarios de Ruta El Pacífico para calzada Aguila…",FALSE,0,NA,2018-10-19 23:40:23,FALSE,NA,"1053430692019871744",NA,"<a href=""http://twitter.com/download/android"" rel=""nofollow"">Twitter for Android</a>","eerr1982",23,TRUE,FALSE,NA,NA,2018-10-19 17:40:23
"17","Viajeros tienen más de 4 horas de esperar que paso quede liberado en km 161, ruta a las Verapaces. Por derrumbe, se… https://t.co/cGVRBjcHIo",FALSE,0,NA,2018-10-19 23:38:29,TRUE,NA,"1053430214339059716",NA,"<a href=""http://twitter.com/download/iphone"" rel=""nofollow"">Twitter for iPhone</a>","alexisponce",0,FALSE,FALSE,NA,NA,2018-10-19 17:38:29
"18","#traficogt prácticamente detenido desde inmediaciones del Irtra Petapa en ambos sentidos!
Esto sin lluvia!!!",FALSE,0,NA,2018-10-19 23:36:46,FALSE,NA,"1053429780832534528",NA,"<a href=""http://twitter.com/download/android"" rel=""nofollow"">Twitter for Android</a>","giannigt",0,FALSE,FALSE,NA,NA,2018-10-19 17:36:46
"19","Hoy los leo ya desde mi cama...! #TraficoGT",FALSE,0,NA,2018-10-19 23:36:00,FALSE,NA,"1053429587563200512",NA,"<a href=""http://twitter.com/download/android"" rel=""nofollow"">Twitter for Android</a>","El_principitoGT",0,FALSE,FALSE,NA,NA,2018-10-19 17:36:00
"20","RT @EveeHernandez6: @amilcarmontejo  #traficogt periférico Norte camion con desperfectos https://t.co/tuRIzySDZk",FALSE,0,NA,2018-10-19 23:32:52,FALSE,NA,"1053428800749555714",NA,"<a href=""http://twitter.com/download/iphone"" rel=""nofollow"">Twitter for iPhone</a>","elAlexFreire",5,TRUE,FALSE,NA,NA,2018-10-19 17:32:52
"21","RT @hombretraficogt: Bronca en 2 avenida 7 calle zona 1 <U+0001F6D1>

Bici-taxista y Auto-taxista se pelearon, ya que no hubo cortesía para darse vía.…",FALSE,0,NA,2018-10-19 23:32:03,FALSE,NA,"1053428596130246656",NA,"<a href=""http://twitter.com/download/android"" rel=""nofollow"">Twitter for Android</a>","Elvecinochapin",51,TRUE,FALSE,NA,NA,2018-10-19 17:32:03
"22","RT @hombretraficogt: Cerrarán puente Belice <U+0001F6D1>

Informa @CIVguate que será este domingo 21 de octubre 2018, de 05:00 a 08:00 horas.

Cc #tra…",FALSE,0,NA,2018-10-19 23:31:23,FALSE,NA,"1053428428773429248",NA,"<a href=""http://twitter.com/download/android"" rel=""nofollow"">Twitter for Android</a>","By25Ana",8,TRUE,FALSE,NA,NA,2018-10-19 17:31:23
"23","Periférico sur @traficogt lento y trasporte pesado @amilcarmontejo @prensa_libre https://t.co/Lt2ECLdmvc",FALSE,0,NA,2018-10-19 23:28:23,FALSE,NA,"1053427672708247553",NA,"<a href=""http://twitter.com/download/iphone"" rel=""nofollow"">Twitter for iPhone</a>","express_foto",0,FALSE,FALSE,NA,NA,2018-10-19 17:28:23
"24","RT @hombretraficogt: Cerrarán puente Belice <U+0001F6D1>

Informa @CIVguate que será este domingo 21 de octubre 2018, de 05:00 a 08:00 horas.

Cc #tra…",FALSE,0,NA,2018-10-19 23:27:52,FALSE,NA,"1053427544156975106",NA,"<a href=""http://twitter.com/download/android"" rel=""nofollow"">Twitter for Android</a>","smontenegro777",8,TRUE,FALSE,NA,NA,2018-10-19 17:27:52
"25","RT @Aleemc_12: “Ya no sé si dar mi dirección o mi número de placa” #traficogt",FALSE,0,NA,2018-10-19 23:26:27,FALSE,NA,"1053427185325932546",NA,"<a href=""http://twitter.com/download/android"" rel=""nofollow"">Twitter for Android</a>","carlosmhx",1,TRUE,FALSE,NA,NA,2018-10-19 17:26:27
"26","RT @piucarrera: Si me miran en el bello #TraficoGT hay me saludan, no sean maleducados. <U+0001F601> https://t.co/3UMkpH8TcG",FALSE,0,NA,2018-10-19 23:24:10,FALSE,NA,"1053426611649986564",NA,"<a href=""http://twitter.com/download/android"" rel=""nofollow"">Twitter for Android</a>","LeonSalvaje11",5,TRUE,FALSE,NA,NA,2018-10-19 17:24:10
"27","RT @hombretraficogt: Cerrarán puente Belice <U+0001F6D1>

Informa @CIVguate que será este domingo 21 de octubre 2018, de 05:00 a 08:00 horas.

Cc #tra…",FALSE,0,NA,2018-10-19 23:21:48,FALSE,NA,"1053426014758547456",NA,"<a href=""http://twitter.com/download/android"" rel=""nofollow"">Twitter for Android</a>","JessyAguirre",8,TRUE,FALSE,NA,NA,2018-10-19 17:21:48
"28","RT @hombretraficogt: Cerrarán puente Belice <U+0001F6D1>

Informa @CIVguate que será este domingo 21 de octubre 2018, de 05:00 a 08:00 horas.

Cc #tra…",FALSE,0,NA,2018-10-19 23:21:01,FALSE,NA,"1053425816720367616",NA,"<a href=""http://twitter.com/download/android"" rel=""nofollow"">Twitter for Android</a>","amilcarmontejo",8,TRUE,FALSE,NA,NA,2018-10-19 17:21:01
"29","RT @BarbaraMontejo: @amilcarmontejo hay una roca gigante a mitad de carretera en km 171 carretera al Atlántico, está desde anoche y puede c…",FALSE,0,NA,2018-10-19 23:20:15,FALSE,NA,"1053425624424087552",NA,"<a href=""http://twitter.com/download/android"" rel=""nofollow"">Twitter for Android</a>","burdet_sergio",13,TRUE,FALSE,NA,NA,2018-10-19 17:20:15
"30","Cerrarán puente Belice <U+0001F6D1>

Informa @CIVguate que será este domingo 21 de octubre 2018, de 05:00 a 08:00 horas.

Cc… https://t.co/JWyIErHUAa",FALSE,6,NA,2018-10-19 23:19:28,TRUE,NA,"1053425428407422976",NA,"<a href=""http://twitter.com/download/android"" rel=""nofollow"">Twitter for Android</a>","hombretraficogt",8,FALSE,FALSE,NA,NA,2018-10-19 17:19:28
"31","“Ya no sé si dar mi dirección o mi número de placa” #traficogt",FALSE,5,NA,2018-10-19 23:18:34,FALSE,NA,"1053425202393219073",NA,"<a href=""http://twitter.com/download/iphone"" rel=""nofollow"">Twitter for iPhone</a>","Aleemc_12",1,FALSE,FALSE,NA,NA,2018-10-19 17:18:34
"32","Ayer no le di vía a nadie; hoy le di vía a mucha gente. Es para que haya un equilibrio en el #TráficoGT . <U+0001F917>",FALSE,6,NA,2018-10-19 23:16:33,FALSE,NA,"1053424693783474177",NA,"<a href=""http://twitter.com/download/android"" rel=""nofollow"">Twitter for Android</a>","kevs_ralda",0,FALSE,FALSE,NA,NA,2018-10-19 17:16:33
"33","RT @andyfmz: @DTransitoPNC @traficogt @amilcarmontejo hubo un accidente frente a villas de Barberena sobre CA1 y la gente estupida se esta…",FALSE,0,NA,2018-10-19 23:13:14,FALSE,NA,"1053423859855249410",NA,"<a href=""http://twitter.com/download/android"" rel=""nofollow"">Twitter for Android</a>","Mar_Flo_GT",6,TRUE,FALSE,NA,NA,2018-10-19 17:13:14
"34","Mi pendejada del día: no darme cuenta de que hay un súper carril reversible sobre la Atanasio hacia dirección Sur #mátenme #TraficoGT",FALSE,0,NA,2018-10-19 23:11:53,FALSE,NA,"1053423518115942400",NA,"<a href=""http://twitter.com/download/android"" rel=""nofollow"">Twitter for Android</a>","pretty_rahel",0,FALSE,FALSE,NA,NA,2018-10-19 17:11:53
"35","RT @andyfmz: @DTransitoPNC @traficogt @amilcarmontejo hubo un accidente frente a villas de Barberena sobre CA1 y la gente estupida se esta…",FALSE,0,NA,2018-10-19 23:10:29,FALSE,NA,"1053423168289939461",NA,"<a href=""http://twitter.com/download/iphone"" rel=""nofollow"">Twitter for iPhone</a>","detejedam",6,TRUE,FALSE,NA,NA,2018-10-19 17:10:29
"36","RT @andyfmz: @DTransitoPNC @traficogt @amilcarmontejo hubo un accidente frente a villas de Barberena sobre CA1 y la gente estupida se esta…",FALSE,0,NA,2018-10-19 23:08:21,FALSE,NA,"1053422630576013312",NA,"<a href=""http://twitter.com/download/android"" rel=""nofollow"">Twitter for Android</a>","amilcarmontejo",6,TRUE,FALSE,NA,NA,2018-10-19 17:08:21
"37","RT @EveeHernandez6: @amilcarmontejo  #traficogt periférico Norte camion con desperfectos https://t.co/tuRIzySDZk",FALSE,0,NA,2018-10-19 23:08:02,FALSE,NA,"1053422551316287488",NA,"<a href=""http://twitter.com/download/android"" rel=""nofollow"">Twitter for Android</a>","amilcarmontejo",5,TRUE,FALSE,NA,NA,2018-10-19 17:08:02
"38","RT @amilcarmontejo: Dos motocicletas colisionaron en 27 calle 35 avenida #TraficoGT zona 5. 

Motorista queda tirado en #TransitoGT y el ot…",FALSE,0,NA,2018-10-19 23:07:44,FALSE,NA,"1053422475571314688",NA,"<a href=""http://twitter.com/download/android"" rel=""nofollow"">Twitter for Android</a>","marcor4lopez",9,TRUE,FALSE,NA,NA,2018-10-19 17:07:44
"39","Alguien sabe si hay carril reversible a Prados de Monte María ? #traficogt",FALSE,0,NA,2018-10-19 23:06:22,FALSE,NA,"1053422131244097537",NA,"<a href=""http://twitter.com/download/iphone"" rel=""nofollow"">Twitter for iPhone</a>","Iris59473950",0,FALSE,FALSE,NA,NA,2018-10-19 17:06:22
"40","@cristosalva1982 @amilcarmontejo @traficogt @traficogtinfo @PMT_VILLANUEVA Quien informa que paso en la Aguilar sob… https://t.co/d7Fi4lVs6t",FALSE,0,"cristosalva1982",2018-10-19 23:03:44,TRUE,"1053185666148982785","1053421471027134464","4446020234","<a href=""http://twitter.com/download/android"" rel=""nofollow"">Twitter for Android</a>","yeka_D9",0,FALSE,FALSE,NA,NA,2018-10-19 17:03:44
"41","@sonora969 @traficogt nuevamente 1 hr parado en la reforma, hasta cuando?? @muniguate @amilcarmontejo https://t.co/67eU4xWPEh",FALSE,0,"gramirezp1",2018-10-19 23:01:42,FALSE,"1053124484067180549","1053420956067266560","542170266","<a href=""http://twitter.com/download/android"" rel=""nofollow"">Twitter for Android</a>","gramirezp1",0,FALSE,FALSE,NA,NA,2018-10-19 17:01:42
"42","No bajen a la Antigua, es un caos en la cuchilla de la choza. #traficogt https://t.co/vMqjPVZRa1",FALSE,0,NA,2018-10-19 23:00:21,FALSE,NA,"1053420619495301120",NA,"<a href=""http://twitter.com/download/android"" rel=""nofollow"">Twitter for Android</a>","Ari_medicen",0,FALSE,FALSE,NA,NA,2018-10-19 17:00:21
"43","#TraficoGT fluido en el periférico de zona 1 a la Bethania zona 7 de norte a sur. @prensa_libre https://t.co/cc8wDbOF6O",FALSE,0,NA,2018-10-19 22:57:57,FALSE,NA,"1053420013988782081",NA,"<a href=""http://twitter.com/download/iphone"" rel=""nofollow"">Twitter for iPhone</a>","noticiascastro",0,FALSE,FALSE,NA,NA,2018-10-19 16:57:57
"44","RT @hombretraficogt: Bronca en 2 avenida 7 calle zona 1 <U+0001F6D1>

Bici-taxista y Auto-taxista se pelearon, ya que no hubo cortesía para darse vía.…",FALSE,0,NA,2018-10-19 22:57:29,FALSE,NA,"1053419894736326656",NA,"<a href=""https://mobile.twitter.com"" rel=""nofollow"">Twitter Lite</a>","BrayEstt",51,TRUE,FALSE,NA,NA,2018-10-19 16:57:29
"45","#FrenemosLosAccidentes | Un accidente de #tráficoGT deja una persona herida y otra fallecida en la aldea Ixmulca en… https://t.co/pIFeWlp8AM",FALSE,4,NA,2018-10-19 22:52:54,TRUE,NA,"1053418743567712256",NA,"<a href=""https://about.twitter.com/products/tweetdeck"" rel=""nofollow"">TweetDeck</a>","prensa_libre",0,FALSE,FALSE,NA,NA,2018-10-19 16:52:54
"46","RT @hombretraficogt: Bronca en 2 avenida 7 calle zona 1 <U+0001F6D1>

Bici-taxista y Auto-taxista se pelearon, ya que no hubo cortesía para darse vía.…",FALSE,0,NA,2018-10-19 22:51:42,FALSE,NA,"1053418441573613568",NA,"<a href=""http://twitter.com/download/android"" rel=""nofollow"">Twitter for Android</a>","BillyOr23751425",51,TRUE,FALSE,NA,NA,2018-10-19 16:51:42
"47","RT @brupal: Al viajar de #blvdliberacion hacia #eltrébol al llegar al puente, hay un agujero muy grande y peligroso, por favor su apoyo con…",FALSE,0,NA,2018-10-19 22:50:43,FALSE,NA,"1053418191488200710",NA,"<a href=""http://twitter.com/#!/download/ipad"" rel=""nofollow"">Twitter for iPad</a>","aurydeleone",37,TRUE,FALSE,NA,NA,2018-10-19 16:50:43
"48","RT @BarbaraMontejo: @amilcarmontejo hay una roca gigante a mitad de carretera en km 171 carretera al Atlántico, está desde anoche y puede c…",FALSE,0,NA,2018-10-19 22:48:33,FALSE,NA,"1053417649164767232",NA,"<a href=""http://twitter.com/download/iphone"" rel=""nofollow"">Twitter for iPhone</a>","raloarca",13,TRUE,FALSE,NA,NA,2018-10-19 16:48:33
"49","Así de bonito el #TraficoGT de la 19 calle zona 10 https://t.co/ad3YKnDxuw",FALSE,2,NA,2018-10-19 22:39:24,FALSE,NA,"1053415347091587072",NA,"<a href=""https://mobile.twitter.com"" rel=""nofollow"">Twitter Lite</a>","la_e_lucy",0,FALSE,FALSE,NA,NA,2018-10-19 16:39:24
"50","@AmikooPark en 11 calle zona 9 atrás de CC montufar con #traficogt complicado. Urge su ayuda por favor https://t.co/tYySexTndp",FALSE,0,"AmikooPark",2018-10-19 22:35:53,FALSE,NA,"1053414460038221824","786842051027492864","<a href=""http://twitter.com/download/iphone"" rel=""nofollow"">Twitter for iPhone</a>","IlyZeaDeSalazar",0,FALSE,FALSE,NA,NA,2018-10-19 16:35:53
"51","RT @ThePunisherGT: Si no tiene que salir obligadamente este fin de semana, mejor quédese en casita. Con esa acción apoya a los que tenemos…",FALSE,0,NA,2018-10-19 22:34:14,FALSE,NA,"1053414047004196864",NA,"<a href=""https://mobile.twitter.com"" rel=""nofollow"">Twitter Lite</a>","Carflolo2",16,TRUE,FALSE,NA,NA,2018-10-19 16:34:14
"52","@amilcarmontejo en la 11 calle zona 9 urge su ayuda #Traficogt complicado https://t.co/iXBRMIrcQg",FALSE,1,"amilcarmontejo",2018-10-19 22:27:31,FALSE,NA,"1053412353528750081","372126670","<a href=""http://twitter.com/download/iphone"" rel=""nofollow"">Twitter for iPhone</a>","IlyZeaDeSalazar",0,FALSE,FALSE,NA,NA,2018-10-19 16:27:31
"53","RT @DashcamGT: Si hay un carro con pide vías puesto para virar debes esperar para rebasar. El motorista tuvo que esperar para no arriesgars…",FALSE,0,NA,2018-10-19 22:21:01,FALSE,NA,"1053410718370988033",NA,"<a href=""http://twitter.com/download/android"" rel=""nofollow"">Twitter for Android</a>","guille_vela",8,TRUE,FALSE,NA,NA,2018-10-19 16:21:01
"54","RT @DashcamGT: Si hay un carro con pide vías puesto para virar debes esperar para rebasar. El motorista tuvo que esperar para no arriesgars…",FALSE,0,NA,2018-10-19 22:17:39,FALSE,NA,"1053409873340391424",NA,"<a href=""http://twitter.com/download/android"" rel=""nofollow"">Twitter for Android</a>","eLeGepuntoGeTe",8,TRUE,FALSE,NA,NA,2018-10-19 16:17:39
"55","RT @ferdy_jose: #traficogt ¿Y aún así quieren #EXPROPIARNOS el #Oct22? Asco Total: #CHAIRO #CHAIRO #CHAIRIpensamientos... <U+0001F468><U+200D><U+0001F33E><U+0001F525> https://t.co…",FALSE,0,NA,2018-10-19 22:17:29,FALSE,NA,"1053409828071239680",NA,"<a href=""http://twitter.com/download/android"" rel=""nofollow"">Twitter for Android</a>","TephizG",2,TRUE,FALSE,NA,NA,2018-10-19 16:17:29
"56","RT @Jenifeerbm: Toda la semana pasó algo en la cuesta de Villalobos <U+0001F92F> #TraficoGt https://t.co/dOpzwRInkD",FALSE,0,NA,2018-10-19 22:17:01,FALSE,NA,"1053409713646374913",NA,"<a href=""http://twitter.com/download/android"" rel=""nofollow"">Twitter for Android</a>","TephizG",1,TRUE,FALSE,NA,NA,2018-10-19 16:17:01
"57","RT @Allan_Luther: Dicen que como nos quejamos por el aumento de la gasolina, ahora nos tocará remar en #TráficoGT <U+0001F602><U+0001F605> así nos ahorramos en c…",FALSE,0,NA,2018-10-19 22:15:56,FALSE,NA,"1053409438814605314",NA,"<a href=""http://twitter.com/download/android"" rel=""nofollow"">Twitter for Android</a>","TephizG",2,TRUE,FALSE,NA,NA,2018-10-19 16:15:56
"58","Necesito un dato, que tal esta el #TraficoGT para villa nueva? 
Ya puedo ir a mi casa o me quedo otra vez por acá <U+0001F622>",FALSE,1,NA,2018-10-19 22:15:37,FALSE,NA,"1053409358556643330",NA,"<a href=""http://twitter.com/download/android"" rel=""nofollow"">Twitter for Android</a>","TephizG",0,FALSE,FALSE,NA,NA,2018-10-19 16:15:37
"59","RT @EveeHernandez6: @amilcarmontejo  #traficogt periférico Norte camion con desperfectos https://t.co/tuRIzySDZk",FALSE,0,NA,2018-10-19 22:15:14,FALSE,NA,"1053409264654565385",NA,"<a href=""https://mobile.twitter.com"" rel=""nofollow"">Twitter Lite</a>","EveeHernandez6",5,TRUE,FALSE,NA,NA,2018-10-19 16:15:14
"60","@amilcarmontejo  #traficogt periférico Norte camion con desperfectos https://t.co/tuRIzySDZk",FALSE,6,"amilcarmontejo",2018-10-19 22:14:58,FALSE,NA,"1053409195507236865","372126670","<a href=""https://mobile.twitter.com"" rel=""nofollow"">Twitter Lite</a>","EveeHernandez6",5,FALSE,FALSE,NA,NA,2018-10-19 16:14:58
"61","Hay tantos vehículo en la ciudad que pronto los reversibles serán todo el día. #TraficoGT",FALSE,3,NA,2018-10-19 22:14:46,FALSE,NA,"1053409147562143744",NA,"<a href=""http://twitter.com/download/android"" rel=""nofollow"">Twitter for Android</a>","jcuellar_1987",0,FALSE,FALSE,NA,NA,2018-10-19 16:14:46
"62","RT @EsaBocaReloaded: La cola en la Aguilar Batres va desde el Trébol y apenas avanza. ¿Ya reservaron hotel para pasar la noche? 
#TraficoGt",FALSE,0,NA,2018-10-19 22:14:37,FALSE,NA,"1053409109230391300",NA,"<a href=""http://twitter.com/download/android"" rel=""nofollow"">Twitter for Android</a>","TephizG",3,TRUE,FALSE,NA,NA,2018-10-19 16:14:37
"63","RT @guille_vela: Salir a las 4:40 pm del trabajo (z13) directo hacia tu casa para llegar a las 11:55 pm (Villa Nueva)... #TraficoGT https:/…",FALSE,0,NA,2018-10-19 22:13:34,FALSE,NA,"1053408845731643393",NA,"<a href=""http://twitter.com"" rel=""nofollow"">Twitter Web Client</a>","AlejandraM4M",3,TRUE,FALSE,NA,NA,2018-10-19 16:13:34
"64","RT @geo2089: Ni se les ocurra venír por Periférico Sur #TraficoGT https://t.co/tHE4s2NImL",FALSE,0,NA,2018-10-19 22:08:44,FALSE,NA,"1053407627479277569",NA,"<a href=""http://twitter.com"" rel=""nofollow"">Twitter Web Client</a>","ROSLYNJEANNETTE",1,TRUE,FALSE,NA,NA,2018-10-19 16:08:44
"65","RT @prensa_libre: #TráficoGT | Haber retirado el bordillo central incrementa las probabilidades de hechos tránsito, más estos otros problem…",FALSE,0,NA,2018-10-19 22:08:28,FALSE,NA,"1053407561897181185",NA,"<a href=""http://twitter.com/download/android"" rel=""nofollow"">Twitter for Android</a>","DashcamGT",3,TRUE,FALSE,NA,NA,2018-10-19 16:08:28
"66","@EmisorasUnidas Y creo que 7 Km es rápido

Estamos totalmente parados #traficoGT https://t.co/4BGG2XA6hh",FALSE,0,"EmisorasUnidas",2018-10-19 22:07:51,FALSE,"1053399925403381763","1053407404635885568","40256008","<a href=""http://twitter.com/download/android"" rel=""nofollow"">Twitter for Android</a>","geo2089",0,FALSE,FALSE,NA,NA,2018-10-19 16:07:51
"67","@DTransitoPNC @traficogt @amilcarmontejo hubo un accidente frente a villas de Barberena sobre CA1 y la gente estupi… https://t.co/PBiZvnN0tO",FALSE,8,"DTransitoPNC",2018-10-19 22:03:10,TRUE,NA,"1053406228544741378","604917414","<a href=""http://twitter.com/download/iphone"" rel=""nofollow"">Twitter for iPhone</a>","andyfmz",6,FALSE,FALSE,NA,NA,2018-10-19 16:03:10
"68","RT @TelediarioGT: #TráficoGT |@PMT_VILLANUEVA Interviene y baja de vehículos sobrecargados a emigrantes hondureños, entre las personas que…",FALSE,0,NA,2018-10-19 22:01:26,FALSE,NA,"1053405789849837568",NA,"<a href=""http://twitter.com/download/android"" rel=""nofollow"">Twitter for Android</a>","CristianEliGali",12,TRUE,FALSE,NA,NA,2018-10-19 16:01:26
"69","#TráficoGT | Haber retirado el bordillo central incrementa las probabilidades de hechos tránsito, más estos otros p… https://t.co/6eFGJ4s91m",FALSE,8,NA,2018-10-19 22:00:01,TRUE,NA,"1053405433627430912",NA,"<a href=""https://about.twitter.com/products/tweetdeck"" rel=""nofollow"">TweetDeck</a>","prensa_libre",3,FALSE,FALSE,NA,NA,2018-10-19 16:00:01
"70","Esto en el #TráficoGT #TransitoGT https://t.co/23QIQm9U4K",FALSE,0,NA,2018-10-19 21:59:26,FALSE,NA,"1053405286940229634",NA,"<a href=""http://twitter.com/download/android"" rel=""nofollow"">Twitter for Android</a>","rancherosoy",0,FALSE,FALSE,NA,NA,2018-10-19 15:59:26
"71","RT @hombretraficogt: Bronca en 2 avenida 7 calle zona 1 <U+0001F6D1>

Bici-taxista y Auto-taxista se pelearon, ya que no hubo cortesía para darse vía.…",FALSE,0,NA,2018-10-19 21:57:26,FALSE,NA,"1053404782860361728",NA,"<a href=""https://mobile.twitter.com"" rel=""nofollow"">Twitter Lite</a>","gordoviajero",51,TRUE,FALSE,NA,NA,2018-10-19 15:57:26
"72","RT @guategotica: @SantosDalia @PMT_VILLANUEVA fue hoy temprano!! + tarde saber!! esperemos mañana a ver k otra habrá... ya con seriedad muc…",FALSE,0,NA,2018-10-19 21:54:16,FALSE,NA,"1053403987062505473",NA,"<a href=""http://twitter.com/download/iphone"" rel=""nofollow"">Twitter for iPhone</a>","EdwinSantaCru19",1,TRUE,FALSE,NA,NA,2018-10-19 15:54:16
"73","Ni se les ocurra venír por Periférico Sur #TraficoGT https://t.co/tHE4s2NImL",FALSE,2,NA,2018-10-19 21:51:41,FALSE,NA,"1053403336802738183",NA,"<a href=""http://twitter.com/download/android"" rel=""nofollow"">Twitter for Android</a>","geo2089",1,FALSE,FALSE,NA,NA,2018-10-19 15:51:41
"74","RT @BarbaraMontejo: @amilcarmontejo hay una roca gigante a mitad de carretera en km 171 carretera al Atlántico, está desde anoche y puede c…",FALSE,0,NA,2018-10-19 21:47:19,FALSE,NA,"1053402238507454465",NA,"<a href=""https://mobile.twitter.com"" rel=""nofollow"">Twitter Lite</a>","GESINTGT",13,TRUE,FALSE,NA,NA,2018-10-19 15:47:19
"75","1. El problema de las filas dobles.
2. El problema de los motoristas que aparecen de la nada por el arriate.… https://t.co/PTozH25BWn",FALSE,10,NA,2018-10-19 21:40:42,TRUE,NA,"1053400572865531910",NA,"<a href=""http://twitter.com/download/android"" rel=""nofollow"">Twitter for Android</a>","DashcamGT",2,FALSE,FALSE,NA,NA,2018-10-19 15:40:42
"76","RT @BarbaraMontejo: @amilcarmontejo hay una roca gigante a mitad de carretera en km 171 carretera al Atlántico, está desde anoche y puede c…",FALSE,0,NA,2018-10-19 21:38:07,FALSE,NA,"1053399921292992512",NA,"<a href=""http://twitter.com/#!/download/ipad"" rel=""nofollow"">Twitter for iPad</a>","aurydeleone",13,TRUE,FALSE,NA,NA,2018-10-19 15:38:07
"77","Si me miran en el hermoso #TraficoGT hay me saludan, no sean maleducados demuestren que fueron a la U https://t.co/SjmK3gYadk",FALSE,0,NA,2018-10-19 21:37:58,FALSE,NA,"1053399887042277376",NA,"<a href=""http://twitter.com"" rel=""nofollow"">Twitter Web Client</a>","noticiascastro",0,FALSE,FALSE,NA,NA,2018-10-19 15:37:58
"78","RT @DashcamGT: Si hay un carro con pide vías puesto para virar debes esperar para rebasar. El motorista tuvo que esperar para no arriesgars…",FALSE,0,NA,2018-10-19 21:32:27,FALSE,NA,"1053398496290713601",NA,"<a href=""http://twitter.com"" rel=""nofollow"">Twitter Web Client</a>","jeison_rock1994",8,TRUE,FALSE,NA,NA,2018-10-19 15:32:27
"79","RT @piucarrera: Si me miran en el bello #TraficoGT hay me saludan, no sean maleducados. <U+0001F601> https://t.co/3UMkpH8TcG",FALSE,0,NA,2018-10-19 21:25:34,FALSE,NA,"1053396765326622725",NA,"<a href=""http://twitter.com/download/android"" rel=""nofollow"">Twitter for Android</a>","saul_muniz",5,TRUE,FALSE,NA,NA,2018-10-19 15:25:34
"80","¿Alguien sabe por qué hoy a esta hora están transitando (demasiados) camiones / trailers de carga?

Eso hasta donde… https://t.co/BBwAuNq1mg",FALSE,1,NA,2018-10-19 21:24:48,TRUE,NA,"1053396571461730306",NA,"<a href=""http://twitter.com/download/android"" rel=""nofollow"">Twitter for Android</a>","JaimeEFlorian",0,FALSE,FALSE,NA,NA,2018-10-19 15:24:48
"81","RT @BarbaraMontejo: @amilcarmontejo hay una roca gigante a mitad de carretera en km 171 carretera al Atlántico, está desde anoche y puede c…",FALSE,0,NA,2018-10-19 21:23:45,FALSE,NA,"1053396308675956736",NA,"<a href=""http://twitter.com/download/iphone"" rel=""nofollow"">Twitter for iPhone</a>","MonicaArrazola",13,TRUE,FALSE,NA,NA,2018-10-19 15:23:45
"82","@Hector_picante @amilcarmontejo @traficogt @infoTRAFICOgt @prensa_libre Evítese el estrés y la mala vibra.",FALSE,1,"Hector_picante",2018-10-19 21:20:31,FALSE,"1053349519222542336","1053395493676634113","232492263","<a href=""http://twitter.com/download/iphone"" rel=""nofollow"">Twitter for iPhone</a>","eloteloko1",0,FALSE,FALSE,NA,NA,2018-10-19 15:20:31
"83","Me les pelo, ni a ingerir alcohol hoy con ese tráfico maldito que hacen uds pinches mendigos mierdas, solo porque e… https://t.co/0ynxUAS5Cy",FALSE,0,NA,2018-10-19 21:18:08,TRUE,NA,"1053394895128457216",NA,"<a href=""http://twitter.com/download/iphone"" rel=""nofollow"">Twitter for iPhone</a>","loropapa",0,FALSE,FALSE,NA,NA,2018-10-19 15:18:08
"84","RT @PampichiNews: #URGENTE - #COMPARTE <U+26A0><U+FE0F><U+26DF>
#TraficoGT completamente detenido en la ruta al Pacífico km. 16 ruta al Pacífico hacia la ciudad…",FALSE,0,NA,2018-10-19 21:18:07,FALSE,NA,"1053394891210981376",NA,"<a href=""http://twitter.com/download/android"" rel=""nofollow"">Twitter for Android</a>","RafaelAE1967",9,TRUE,FALSE,NA,NA,2018-10-19 15:18:07
"85","RT @odioapancho: Tu ""ciudad del futuro"".

#TráficoGT https://t.co/TDfes0kg78",FALSE,0,NA,2018-10-19 21:17:29,FALSE,NA,"1053394732360105984",NA,"<a href=""http://twitter.com/download/iphone"" rel=""nofollow"">Twitter for iPhone</a>","jcguit",6,TRUE,FALSE,NA,NA,2018-10-19 15:17:29
"86","RT @DashcamGT: Urgen más operativos PMT de alcoholemia. Ayer por la noche se captó a éste conductor ebrio que se pegaba mucho a la barrera…",FALSE,0,NA,2018-10-19 21:16:16,FALSE,NA,"1053394426255601671",NA,"<a href=""http://twitter.com"" rel=""nofollow"">Twitter Web Client</a>","LideresGt",5,TRUE,FALSE,NA,NA,2018-10-19 15:16:16
"87","RT @InformalDiario: Imagen EXCLUSIVA de como quedó la Aguilar Batres luego del #traficogt de los últimos días por la #lluviagt (y la impeca…",FALSE,0,NA,2018-10-19 21:15:45,FALSE,NA,"1053394293740711937",NA,"<a href=""http://twitter.com/download/android"" rel=""nofollow"">Twitter for Android</a>","ado_pineda",16,TRUE,FALSE,NA,NA,2018-10-19 15:15:45
"88","RT @BarbaraMontejo: @amilcarmontejo hay una roca gigante a mitad de carretera en km 171 carretera al Atlántico, está desde anoche y puede c…",FALSE,0,NA,2018-10-19 21:14:59,FALSE,NA,"1053394101708775424",NA,"<a href=""http://twitter.com/download/android"" rel=""nofollow"">Twitter for Android</a>","TolGManuel",13,TRUE,FALSE,NA,NA,2018-10-19 15:14:59
"89","Lo bueno de ahora es que ya te psicologías que va a ver un tráfico de la gran puta! #TraficoGT",FALSE,2,NA,2018-10-19 21:14:30,FALSE,NA,"1053393980715659269",NA,"<a href=""http://twitter.com/download/iphone"" rel=""nofollow"">Twitter for iPhone</a>","AnaFerSolares",0,FALSE,FALSE,NA,NA,2018-10-19 15:14:30
"90","RT @erickc07: @SantosDalia @amilcarmontejo @traficogt venga a la 53 calle petapa (TIPIC) y controlen esto por favor todos están contra la v…",FALSE,0,NA,2018-10-19 21:13:05,FALSE,NA,"1053393622836633600",NA,"<a href=""http://twitter.com/download/android"" rel=""nofollow"">Twitter for Android</a>","robrt_emma",1,TRUE,FALSE,NA,NA,2018-10-19 15:13:05
"91","1 calle 4 avenida #TraficoGT zona 9. Tráiler con fallas mecánicas afecta ingreso a Mercado Terminal.

@DelCid390 co… https://t.co/SWTyMuy67M",FALSE,6,NA,2018-10-19 21:11:52,TRUE,NA,"1053393317570985985",NA,"<a href=""http://twitter.com/download/android"" rel=""nofollow"">Twitter for Android</a>","amilcarmontejo",2,FALSE,FALSE,NA,NA,2018-10-19 15:11:52
"92","RT @BarbaraMontejo: @amilcarmontejo hay una roca gigante a mitad de carretera en km 171 carretera al Atlántico, está desde anoche y puede c…",FALSE,0,NA,2018-10-19 21:10:30,FALSE,NA,"1053392975022227457",NA,"<a href=""http://twitter.com/download/iphone"" rel=""nofollow"">Twitter for iPhone</a>","GamboaGomez",13,TRUE,FALSE,NA,NA,2018-10-19 15:10:30
"93","RT @BarbaraMontejo: @amilcarmontejo hay una roca gigante a mitad de carretera en km 171 carretera al Atlántico, está desde anoche y puede c…",FALSE,0,NA,2018-10-19 21:08:42,FALSE,NA,"1053392520204468224",NA,"<a href=""http://twitter.com/download/android"" rel=""nofollow"">Twitter for Android</a>","jaunelibellule",13,TRUE,FALSE,NA,NA,2018-10-19 15:08:42
"94","RT @BarbaraMontejo: @amilcarmontejo hay una roca gigante a mitad de carretera en km 171 carretera al Atlántico, está desde anoche y puede c…",FALSE,0,NA,2018-10-19 21:08:32,FALSE,NA,"1053392477175119873",NA,"<a href=""https://mobile.twitter.com"" rel=""nofollow"">Twitter Lite</a>","Q0NTR0L",13,TRUE,FALSE,NA,NA,2018-10-19 15:08:32
"95","RT @BarbaraMontejo: @amilcarmontejo hay una roca gigante a mitad de carretera en km 171 carretera al Atlántico, está desde anoche y puede c…",FALSE,0,NA,2018-10-19 21:08:26,FALSE,NA,"1053392453263335424",NA,"<a href=""http://twitter.com/download/android"" rel=""nofollow"">Twitter for Android</a>","Ajosegaitan",13,TRUE,FALSE,NA,NA,2018-10-19 15:08:26
"96","RT @BarbaraMontejo: @amilcarmontejo hay una roca gigante a mitad de carretera en km 171 carretera al Atlántico, está desde anoche y puede c…",FALSE,0,NA,2018-10-19 21:06:45,FALSE,NA,"1053392028351057920",NA,"<a href=""http://twitter.com/download/android"" rel=""nofollow"">Twitter for Android</a>","amilcarmontejo",13,TRUE,FALSE,NA,NA,2018-10-19 15:06:45
"97","RT @odioapancho: Tu ""ciudad del futuro"".

#TráficoGT https://t.co/TDfes0kg78",FALSE,0,NA,2018-10-19 21:03:38,FALSE,NA,"1053391246620790784",NA,"<a href=""http://twitter.com/download/android"" rel=""nofollow"">Twitter for Android</a>","MILOSotoj",6,TRUE,FALSE,NA,NA,2018-10-19 15:03:38
"98","@SantosDalia @PMT_VILLANUEVA fue hoy temprano!! + tarde saber!! esperemos mañana a ver k otra habrá... ya con serie… https://t.co/kEvFOfNCh1",FALSE,0,"SantosDalia",2018-10-19 21:00:52,TRUE,"1053343019599097857","1053390547191259137","551138653","<a href=""http://twitter.com/download/android"" rel=""nofollow"">Twitter for Android</a>","guategotica",1,FALSE,FALSE,NA,NA,2018-10-19 15:00:52
"99","RT @DashcamGT: Y luego se hacen las víctimas, cuando ellos mismos se ponen en peligro. Aparte de ir contra la vía, coloca el pie en el carr…",FALSE,0,NA,2018-10-19 20:58:54,FALSE,NA,"1053390054675091456",NA,"<a href=""http://twitter.com/download/android"" rel=""nofollow"">Twitter for Android</a>","Eduardo7105",12,TRUE,FALSE,NA,NA,2018-10-19 14:58:54
"100","RT @Cperezm_pl: #Chimaltenango | Regulan tránsito vehicular en cruce peligroso de San Miguel Morazán, El Tejar, en #TráficoGT https://t.co/…",FALSE,0,NA,2018-10-19 20:58:26,FALSE,NA,"1053389936383193088",NA,"<a href=""https://about.twitter.com/products/tweetdeck"" rel=""nofollow"">TweetDeck</a>","prensa_libre",2,TRUE,FALSE,NA,NA,2018-10-19 14:58:26
"101","#Chimaltenango | Regulan tránsito vehicular en cruce peligroso de San Miguel Morazán, El Tejar, en #TráficoGT… https://t.co/VU4bmfr5Po",FALSE,5,NA,2018-10-19 20:58:12,TRUE,NA,"1053389877469941763",NA,"<a href=""https://about.twitter.com/products/tweetdeck"" rel=""nofollow"">TweetDeck</a>","Cperezm_pl",2,FALSE,FALSE,NA,NA,2018-10-19 14:58:12
"102","RT @DashcamGT: Si hay un carro con pide vías puesto para virar debes esperar para rebasar. El motorista tuvo que esperar para no arriesgars…",FALSE,0,NA,2018-10-19 20:58:09,FALSE,NA,"1053389863196782597",NA,"<a href=""http://twitter.com/download/android"" rel=""nofollow"">Twitter for Android</a>","Eduardo7105",8,TRUE,FALSE,NA,NA,2018-10-19 14:58:09
"103","RT @amilcarmontejo: Cuesta Villa Lobos bloqueada por tráiler averiado. Quita carriles para usuarios de Ruta El Pacífico para calzada Aguila…",FALSE,0,NA,2018-10-19 20:56:00,FALSE,NA,"1053389322567729152",NA,"<a href=""http://twitter.com/download/iphone"" rel=""nofollow"">Twitter for iPhone</a>","rjletona",23,TRUE,FALSE,NA,NA,2018-10-19 14:56:00
"104","RT @rutnoemi_: POR FAVOR AYUDA!! Los vecinos de enfrente me obligaron a quitar mi carro de ese parqueo. ¿eso es legal? ¿o si me puedo parqu…",FALSE,0,NA,2018-10-19 20:49:44,FALSE,NA,"1053387745144516611",NA,"<a href=""https://mobile.twitter.com"" rel=""nofollow"">Twitter Lite</a>","Tercoguerrero",9,TRUE,FALSE,NA,NA,2018-10-19 14:49:44
"105","RT @YOpino_Que: @PMTVILLACANALES @traficogt lento en subida de Boca del Monte a Villa Hermosa. Urge ayuda. Gracias.",FALSE,0,NA,2018-10-19 20:49:02,FALSE,NA,"1053387570611175424",NA,"<a href=""https://noticiasguatemala2.com"" rel=""nofollow"">Pota APP</a>","NoticiasGT_",2,TRUE,FALSE,NA,NA,2018-10-19 14:49:02
"106","Ya hay algo de #traficogt en ruta a Boca del Monte desde AV. Hincapié,  inicia en plaza Berlín",FALSE,0,NA,2018-10-19 20:48:17,FALSE,NA,"1053387382224048129",NA,"<a href=""http://twitter.com/download/android"" rel=""nofollow"">Twitter for Android</a>","neobrr",0,FALSE,FALSE,NA,NA,2018-10-19 14:48:17
"107","RT @DashcamGT: Y luego se hacen las víctimas, cuando ellos mismos se ponen en peligro. Aparte de ir contra la vía, coloca el pie en el carr…",FALSE,0,NA,2018-10-19 20:45:20,FALSE,NA,"1053386639102357510",NA,"<a href=""http://twitter.com/download/android"" rel=""nofollow"">Twitter for Android</a>","guayo_molina_ca",12,TRUE,FALSE,NA,NA,2018-10-19 14:45:20
"108","RT @amilcarmontejo: Cuesta Villa Lobos bloqueada por tráiler averiado. Quita carriles para usuarios de Ruta El Pacífico para calzada Aguila…",FALSE,0,NA,2018-10-19 20:41:49,FALSE,NA,"1053385756536963074",NA,"<a href=""http://twitter.com/download/android"" rel=""nofollow"">Twitter for Android</a>","moyimozo",23,TRUE,FALSE,NA,NA,2018-10-19 14:41:49
"109","RT @Allan_Luther: Dicen que como nos quejamos por el aumento de la gasolina, ahora nos tocará remar en #TráficoGT <U+0001F602><U+0001F605> así nos ahorramos en c…",FALSE,0,NA,2018-10-19 20:41:25,FALSE,NA,"1053385654166528000",NA,"<a href=""http://twitter.com/download/iphone"" rel=""nofollow"">Twitter for iPhone</a>","krlosgalindo_",2,TRUE,FALSE,NA,NA,2018-10-19 14:41:25
"110","@amilcarmontejo hay una roca gigante a mitad de carretera en km 171 carretera al Atlántico, está desde anoche y pue… https://t.co/cl6HIF5k2X",FALSE,12,"amilcarmontejo",2018-10-19 20:40:29,TRUE,NA,"1053385417171582976","372126670","<a href=""http://twitter.com/download/iphone"" rel=""nofollow"">Twitter for iPhone</a>","BarbaraMontejo",13,FALSE,FALSE,NA,NA,2018-10-19 14:40:29
"111","RT @EsaBocaReloaded: La cola en la Aguilar Batres va desde el Trébol y apenas avanza. ¿Ya reservaron hotel para pasar la noche? 
#TraficoGt",FALSE,0,NA,2018-10-19 20:40:15,FALSE,NA,"1053385360800133121",NA,"<a href=""http://twitter.com/download/android"" rel=""nofollow"">Twitter for Android</a>","Paul2fue4",3,TRUE,FALSE,NA,NA,2018-10-19 14:40:15
"112","@amilcarmontejo Lamentable que ni entre ellos se respetan! Ya parece una lucha a morir ir en el #TraficoGT",FALSE,0,"amilcarmontejo",2018-10-19 20:39:18,FALSE,"1053304253509447680","1053385121024360448","372126670","<a href=""http://twitter.com/download/android"" rel=""nofollow"">Twitter for Android</a>","Arky_Cesar",0,FALSE,FALSE,NA,NA,2018-10-19 14:39:18
"113","RT @EsaBocaReloaded: La cola en la Aguilar Batres va desde el Trébol y apenas avanza. ¿Ya reservaron hotel para pasar la noche? 
#TraficoGt",FALSE,0,NA,2018-10-19 20:37:47,FALSE,NA,"1053384738499686400",NA,"<a href=""http://twitter.com/download/android"" rel=""nofollow"">Twitter for Android</a>","salvadt",3,TRUE,FALSE,NA,NA,2018-10-19 14:37:47
"114","RT @InformalDiario: Imagen EXCLUSIVA de como quedó la Aguilar Batres luego del #traficogt de los últimos días por la #lluviagt (y la impeca…",FALSE,0,NA,2018-10-19 20:37:28,FALSE,NA,"1053384658740789249",NA,"<a href=""http://twitter.com/download/iphone"" rel=""nofollow"">Twitter for iPhone</a>","ingfermorales",16,TRUE,FALSE,NA,NA,2018-10-19 14:37:28
"115","Derrumbe obstruye paso en el kilómetro 160 entre Tactic, #AltaVerapaz y Santa Barbara, #BajaVerapaz #TraficoGT… https://t.co/MdEXIGi44o",FALSE,1,NA,2018-10-19 20:35:29,TRUE,NA,"1053384162751717376",NA,"<a href=""http://twitter.com/download/android"" rel=""nofollow"">Twitter for Android</a>","oriente_news",0,FALSE,FALSE,NA,NA,2018-10-19 14:35:29
"116","RT @InformalDiario: Imagen EXCLUSIVA de como quedó la Aguilar Batres luego del #traficogt de los últimos días por la #lluviagt (y la impeca…",FALSE,0,NA,2018-10-19 20:32:44,FALSE,NA,"1053383467680051206",NA,"<a href=""http://twitter.com/download/android"" rel=""nofollow"">Twitter for Android</a>","VicktorLN",16,TRUE,FALSE,NA,NA,2018-10-19 14:32:44
"117","@ngandara_pl @prensa_libre @ccithn @fecamco @FUNDESA @sg_sica @PARLACEN @CNNEE @jimmymoralesgt @OEA_oficial @ONU_es… https://t.co/IIUJ72jkEl",FALSE,0,"ngandara_pl",2018-10-19 20:30:45,TRUE,"1053352561724608513","1053382971519049728","3153012677","<a href=""http://twitter.com/download/android"" rel=""nofollow"">Twitter for Android</a>","guategotica",0,FALSE,FALSE,NA,NA,2018-10-19 14:30:45
"118","RT @DashcamGT: Y luego se hacen las víctimas, cuando ellos mismos se ponen en peligro. Aparte de ir contra la vía, coloca el pie en el carr…",FALSE,0,NA,2018-10-19 20:30:04,FALSE,NA,"1053382797652566022",NA,"<a href=""http://twitter.com/download/android"" rel=""nofollow"">Twitter for Android</a>","Arky_Cesar",12,TRUE,FALSE,NA,NA,2018-10-19 14:30:04
"119","RT @YOpino_Que: @PMTVILLACANALES @traficogt lento en subida de Boca del Monte a Villa Hermosa. Urge ayuda. Gracias.",FALSE,0,NA,2018-10-19 20:29:50,FALSE,NA,"1053382737426632705",NA,"<a href=""http://www.tweetcaster.com"" rel=""nofollow"">TweetCaster for Android</a>","traficogt",2,TRUE,FALSE,NA,NA,2018-10-19 14:29:50
"120","RT @brupal: Al viajar de #blvdliberacion hacia #eltrébol al llegar al puente, hay un agujero muy grande y peligroso, por favor su apoyo con…",FALSE,0,NA,2018-10-19 20:25:36,FALSE,NA,"1053381674623475718",NA,"<a href=""http://twitter.com/download/android"" rel=""nofollow"">Twitter for Android</a>","ChaconRoldan",37,TRUE,FALSE,NA,NA,2018-10-19 14:25:36
"121","La cola en la Aguilar Batres va desde el Trébol y apenas avanza. ¿Ya reservaron hotel para pasar la noche? 
#TraficoGt",FALSE,4,NA,2018-10-19 20:22:35,FALSE,NA,"1053380912589750273",NA,"<a href=""http://tapbots.com/tweetbot"" rel=""nofollow"">Tweetbot for i<U+039F>S</a>","EsaBocaReloaded",3,FALSE,FALSE,NA,NA,2018-10-19 14:22:35
"122","RT @InformalDiario: Imagen EXCLUSIVA de como quedó la Aguilar Batres luego del #traficogt de los últimos días por la #lluviagt (y la impeca…",FALSE,0,NA,2018-10-19 20:22:19,FALSE,NA,"1053380849276801025",NA,"<a href=""http://twitter.com/download/android"" rel=""nofollow"">Twitter for Android</a>","JGShavie",16,TRUE,FALSE,NA,NA,2018-10-19 14:22:19
"123","RT @InformalDiario: Imagen EXCLUSIVA de como quedó la Aguilar Batres luego del #traficogt de los últimos días por la #lluviagt (y la impeca…",FALSE,0,NA,2018-10-19 20:19:10,FALSE,NA,"1053380052572950529",NA,"<a href=""http://twitter.com/download/iphone"" rel=""nofollow"">Twitter for iPhone</a>","La_Silvis_",16,TRUE,FALSE,NA,NA,2018-10-19 14:19:10
"124","RT @InformalDiario: Imagen EXCLUSIVA de como quedó la Aguilar Batres luego del #traficogt de los últimos días por la #lluviagt (y la impeca…",FALSE,0,NA,2018-10-19 20:15:23,FALSE,NA,"1053379103422926850",NA,"<a href=""http://twitter.com/download/android"" rel=""nofollow"">Twitter for Android</a>","pchua85",16,TRUE,FALSE,NA,NA,2018-10-19 14:15:23
"125","RT @InformalDiario: Imagen EXCLUSIVA de como quedó la Aguilar Batres luego del #traficogt de los últimos días por la #lluviagt (y la impeca…",FALSE,0,NA,2018-10-19 20:10:30,FALSE,NA,"1053377875263582209",NA,"<a href=""http://twitter.com/download/android"" rel=""nofollow"">Twitter for Android</a>","SantizoAxl",16,TRUE,FALSE,NA,NA,2018-10-19 14:10:30
"126","RT @hombretraficogt: Bronca en 2 avenida 7 calle zona 1 <U+0001F6D1>

Bici-taxista y Auto-taxista se pelearon, ya que no hubo cortesía para darse vía.…",FALSE,0,NA,2018-10-19 20:08:40,FALSE,NA,"1053377412191404032",NA,"<a href=""http://twitter.com/download/android"" rel=""nofollow"">Twitter for Android</a>","lasalva352",51,TRUE,FALSE,NA,NA,2018-10-19 14:08:40
"127","RT @piucarrera: Si me miran en el bello #TraficoGT hay me saludan, no sean maleducados. <U+0001F601> https://t.co/3UMkpH8TcG",FALSE,0,NA,2018-10-19 20:08:38,FALSE,NA,"1053377402028601345",NA,"<a href=""http://twitter.com/download/android"" rel=""nofollow"">Twitter for Android</a>","jcbandido07",5,TRUE,FALSE,NA,NA,2018-10-19 14:08:38
"128","RT @DashcamGT: Si hay un carro con pide vías puesto para virar debes esperar para rebasar. El motorista tuvo que esperar para no arriesgars…",FALSE,0,NA,2018-10-19 20:07:07,FALSE,NA,"1053377020179177474",NA,"<a href=""http://twitter.com/download/iphone"" rel=""nofollow"">Twitter for iPhone</a>","selrovert",8,TRUE,FALSE,NA,NA,2018-10-19 14:07:07
"129","@PMTVILLACANALES @traficogt lento en subida de Boca del Monte a Villa Hermosa. Urge ayuda. Gracias.",FALSE,1,"PMTVILLACANALES",2018-10-19 20:00:45,FALSE,NA,"1053375421155295232","4785000492","<a href=""http://twitter.com/download/iphone"" rel=""nofollow"">Twitter for iPhone</a>","YOpino_Que",2,FALSE,FALSE,NA,NA,2018-10-19 14:00:45
"130","RT @dominisinc: Propongo sacar el aeropuerto de la ciudad y donde está ahora hacer calles y avenidas para tener más rutas alternas y alivia…",FALSE,0,NA,2018-10-19 19:50:39,FALSE,NA,"1053372879478362112",NA,"<a href=""http://twitter.com/download/iphone"" rel=""nofollow"">Twitter for iPhone</a>","dominisinc",1,TRUE,FALSE,NA,NA,2018-10-19 13:50:39
"131","RT @PampichiNews: #Atencion

Tomé en cuenta que se reporta #TráficoGT en la ruta al Pacífico en dirección hacia el sur entre #VillaNueva y…",FALSE,0,NA,2018-10-19 19:50:13,FALSE,NA,"1053372770678128640",NA,"<a href=""http://twitter.com/download/android"" rel=""nofollow"">Twitter for Android</a>","PampichiNews",5,TRUE,FALSE,NA,NA,2018-10-19 13:50:13
"132","RT @PampichiNews: #Atencion

Tomé en cuenta que se reporta #TráficoGT en la ruta al Pacífico en dirección hacia el sur entre #VillaNueva y…",FALSE,0,NA,2018-10-19 19:50:01,FALSE,NA,"1053372717313998849",NA,"<a href=""http://twitter.com/download/android"" rel=""nofollow"">Twitter for Android</a>","walter2019I",5,TRUE,FALSE,NA,NA,2018-10-19 13:50:01
"133","Dicen que como nos quejamos por el aumento de la gasolina, ahora nos tocará remar en #TráficoGT <U+0001F602><U+0001F605> así nos ahorramo… https://t.co/oL8Gb3bvDu",FALSE,3,NA,2018-10-19 19:49:19,TRUE,NA,"1053372543225290757",NA,"<a href=""http://twitter.com"" rel=""nofollow"">Twitter Web Client</a>","Allan_Luther",2,FALSE,FALSE,NA,NA,2018-10-19 13:49:19
"134","RT @PampichiNews: #Atencion

Tomé en cuenta que se reporta #TráficoGT en la ruta al Pacífico en dirección hacia el sur entre #VillaNueva y…",FALSE,0,NA,2018-10-19 19:46:54,FALSE,NA,"1053371936003289088",NA,"<a href=""http://twitter.com/download/android"" rel=""nofollow"">Twitter for Android</a>","_ernesto1394",5,TRUE,FALSE,NA,NA,2018-10-19 13:46:54
"135","#Atencion

Tomé en cuenta que se reporta #TráficoGT en la ruta al Pacífico en dirección hacia el sur entre… https://t.co/whU71V40go",FALSE,12,NA,2018-10-19 19:46:01,TRUE,NA,"1053371712664932352",NA,"<a href=""http://twitter.com/download/android"" rel=""nofollow"">Twitter for Android</a>","PampichiNews",5,FALSE,FALSE,NA,NA,2018-10-19 13:46:01
"136","RT @muniguate: <U+0001F6A7>AVISO IMPORTANTE <U+0001F6A7>

Se informa sobre cierres y desvíos temporales por trabajos de MICIVI en la estructura del Puente Belice…",FALSE,0,NA,2018-10-19 19:45:39,FALSE,NA,"1053371620432191489",NA,"<a href=""http://twitter.com/download/android"" rel=""nofollow"">Twitter for Android</a>","KatinaAnaite",20,TRUE,FALSE,NA,NA,2018-10-19 13:45:39
"137","RT @DashcamGT: Y luego se hacen las víctimas, cuando ellos mismos se ponen en peligro. Aparte de ir contra la vía, coloca el pie en el carr…",FALSE,0,NA,2018-10-19 19:43:30,FALSE,NA,"1053371077353766913",NA,"<a href=""http://twitter.com/download/android"" rel=""nofollow"">Twitter for Android</a>","lofirolu",12,TRUE,FALSE,NA,NA,2018-10-19 13:43:30
"138","@eloteloko1 @amilcarmontejo @traficogt @infoTRAFICOgt @prensa_libre Te dije que no salieras culero jajaja",FALSE,1,"eloteloko1",2018-10-19 19:40:17,FALSE,"1053343999606571008","1053370267395858433","343470746","<a href=""http://twitter.com/download/iphone"" rel=""nofollow"">Twitter for iPhone</a>","EP_Byron",0,FALSE,FALSE,NA,NA,2018-10-19 13:40:17
"139","RT @InformalDiario: Imagen EXCLUSIVA de como quedó la Aguilar Batres luego del #traficogt de los últimos días por la #lluviagt (y la impeca…",FALSE,0,NA,2018-10-19 19:39:07,FALSE,NA,"1053369975891738625",NA,"<a href=""http://twitter.com/download/android"" rel=""nofollow"">Twitter for Android</a>","RolixSk8",16,TRUE,FALSE,NA,NA,2018-10-19 13:39:07
"140","@SantosDalia @amilcarmontejo @traficogt venga a la 53 calle petapa (TIPIC) y controlen esto por favor todos están c… https://t.co/QwDXWen5bU",FALSE,0,"SantosDalia",2018-10-19 19:33:56,TRUE,NA,"1053368669949095938","551138653","<a href=""http://twitter.com/download/iphone"" rel=""nofollow"">Twitter for iPhone</a>","erickc07",1,FALSE,FALSE,NA,NA,2018-10-19 13:33:56
"141","RT @DashcamGT: Si hay un carro con pide vías puesto para virar debes esperar para rebasar. El motorista tuvo que esperar para no arriesgars…",FALSE,0,NA,2018-10-19 19:31:01,FALSE,NA,"1053367935975219200",NA,"<a href=""http://twitter.com/download/android"" rel=""nofollow"">Twitter for Android</a>","lofirolu",8,TRUE,FALSE,NA,NA,2018-10-19 13:31:01
"142","RT @InformalDiario: Imagen EXCLUSIVA de como quedó la Aguilar Batres luego del #traficogt de los últimos días por la #lluviagt (y la impeca…",FALSE,0,NA,2018-10-19 19:30:40,FALSE,NA,"1053367850906324993",NA,"<a href=""http://twitter.com"" rel=""nofollow"">Twitter Web Client</a>","yelapablo",16,TRUE,FALSE,NA,NA,2018-10-19 13:30:40
"143","RT @rutnoemi_: POR FAVOR AYUDA!! Los vecinos de enfrente me obligaron a quitar mi carro de ese parqueo. ¿eso es legal? ¿o si me puedo parqu…",FALSE,0,NA,2018-10-19 19:29:43,FALSE,NA,"1053367609272479751",NA,"<a href=""http://twitter.com/download/android"" rel=""nofollow"">Twitter for Android</a>","Bryan_0710",9,TRUE,FALSE,NA,NA,2018-10-19 13:29:43
"144","Si hay un carro con pide vías puesto para virar debes esperar para rebasar. El motorista tuvo que esperar para no a… https://t.co/RVxzYEiFTU",FALSE,7,NA,2018-10-19 19:26:27,TRUE,NA,"1053366787138617344",NA,"<a href=""http://twitter.com/download/android"" rel=""nofollow"">Twitter for Android</a>","DashcamGT",8,FALSE,FALSE,NA,NA,2018-10-19 13:26:27
"145","RT @PampichiNews: #URGENTE - #COMPARTE <U+26A0><U+FE0F><U+26DF>
#TraficoGT completamente detenido en la ruta al Pacífico km. 16 ruta al Pacífico hacia la ciudad…",FALSE,0,NA,2018-10-19 19:22:27,FALSE,NA,"1053365781155770369",NA,"<a href=""http://twitter.com/download/android"" rel=""nofollow"">Twitter for Android</a>","tamalloco",9,TRUE,FALSE,NA,NA,2018-10-19 13:22:27
"146","Por gente así es que el #traficogt se pone peor, después nadie pasa https://t.co/C9gZfJpM9l",FALSE,0,NA,2018-10-19 19:20:52,FALSE,NA,"1053365382097108992",NA,"<a href=""http://twitter.com/download/android"" rel=""nofollow"">Twitter for Android</a>","Caibalo",0,FALSE,FALSE,NA,NA,2018-10-19 13:20:52
"147","RT @DashcamGT: Y luego se hacen las víctimas, cuando ellos mismos se ponen en peligro. Aparte de ir contra la vía, coloca el pie en el carr…",FALSE,0,NA,2018-10-19 19:15:43,FALSE,NA,"1053364085155381250",NA,"<a href=""https://mobile.twitter.com"" rel=""nofollow"">Twitter Lite</a>","fremovixi76",12,TRUE,FALSE,NA,NA,2018-10-19 13:15:43
"148","RT @piucarrera: Si me miran en el bello #TraficoGT hay me saludan, no sean maleducados. <U+0001F601> https://t.co/3UMkpH8TcG",FALSE,0,NA,2018-10-19 19:15:28,FALSE,NA,"1053364022286921730",NA,"<a href=""http://twitter.com/download/android"" rel=""nofollow"">Twitter for Android</a>","_Jp63",5,TRUE,FALSE,NA,NA,2018-10-19 13:15:28
"149","#TraficoVn #TraficoGT contenedor suelto de plataforma en Barcenas villa nueva @amilcarmontejo @SantosDalia https://t.co/M3zVbOtpbW",FALSE,0,NA,2018-10-19 19:12:42,FALSE,NA,"1053363325906665472",NA,"<a href=""https://mobile.twitter.com"" rel=""nofollow"">Twitter Lite</a>","Iamprillescas",0,FALSE,FALSE,NA,NA,2018-10-19 13:12:42
"150","RT @manualexh2: Dios bendiga a @SantosDalia excelente trabajo en comunicar todo lo que pasa en #TraficoGT",FALSE,0,NA,2018-10-19 19:11:55,FALSE,NA,"1053363132146573312",NA,"<a href=""http://twitter.com/download/android"" rel=""nofollow"">Twitter for Android</a>","SantosDalia",2,TRUE,FALSE,NA,NA,2018-10-19 13:11:55
